<?xml version="1.0" encoding="UTF-8" ?>
	<beans xmlns="http://www.springframework.org/schema/beans"
		xmlns:xsi="http://www.w3.org/2001/XMLSchema-instance" xmlns:p="http://www.springframework.org/schema/p"
		xmlns:tx="http://www.springframework.org/schema/tx" xmlns:aop="http://www.springframework.org/schema/aop"
		xmlns:context="http://www.springframework.org/schema/context"
		xsi:schemaLocation="http://www.springframework.org/schema/beans   
	    http://www.springframework.org/schema/beans/spring-beans-2.5.xsd  
	         http://www.springframework.org/schema/tx   
	    http://www.springframework.org/schema/tx/spring-tx-2.5.xsd  
	         http://www.springframework.org/schema/aop   
	    http://www.springframework.org/schema/aop/spring-aop-2.5.xsd">
	    
	<!-- AMOP消息处理线程池配置，根据实际需要配置 -->
	<bean id="pool" class="org.springframework.scheduling.concurrent.ThreadPoolTaskExecutor">
		<property name="corePoolSize" value="50" />
		<property name="maxPoolSize" value="100" />
		<property name="queueCapacity" value="500" />
		<property name="keepAliveSeconds" value="60" />
		<property name="rejectedExecutionHandler">
			<bean class="java.util.concurrent.ThreadPoolExecutor.AbortPolicy" />
		</property>
	</bean>
	
	<!-- 系统合约地址配置，在使用./web3sdk SystemProxy|AuthorityFilter等系统合约工具时需要配置 -->
	<bean id="toolConf" class="org.bcos.contract.tools.ToolConf">
		<property name="systemProxyAddress" value="【系统合约代理地址,对应节点config.json里的systemproxyaddress】" />
		<!--GOD账户的私钥:对应搭链创建god帐号环境$fiscobcos/tool/godInfo.txt里的privKey】-->
		<property name="privKey" value="bcec428d5205abe0f0cc8a734083908d9eb8563e31f943d760786edf42ad67dd" />
		<!--GOD账户: 【对应搭链创建god帐号环境$fiscobcos/tool/godInfo.txt里的address】-->
		<property name="account" value="0x776bd5cf9a88e9437dc783d6414bccc603015cf0" />
		<property name="outPutpath" value="./output/" />
	</bean>

	<!-- 区块链节点信息配置 -->
	<bean id="channelService" class="org.bcos.channel.client.Service">
		<property name="orgID" value="WB" /> <!-- 配置本机构名称 -->
			<property name="allChannelConnections">
				<map>
					<entry key="WB"> <!-- 配置本机构的区块链节点列表（如有DMZ，则为区块链前置）-->
						<bean class="org.bcos.channel.handler.ChannelConnections">
						    <property name="caCertPath" value="classpath:ca.crt" />
						    <property name="clientKeystorePath" value="classpath:client.keystore" />
						    <property name="keystorePassWord" value="【生成client.keystore时对应的密码】" />
						    <property name="clientCertPassWord" value="【生成client.keystore时对应的密码】" />
							<property name="connectionsStr">
								<list>
									<value>[nodeid]@[ip]:[channelPort]</value>
								</list>
							</property>
						</bean>
					</entry>
				</map>
			</property>
		</bean>
</beans>
